Rank;Sourceid;Title;Type;Issn;SJR;SJR Quartile;H index;Total Docs. (2019);Total Docs. (3years);Total Refs.;Total Cites (3years);Citable Docs. (3years);Cites / Doc. (2years);Ref. / Doc.;Country;Region;Publisher;Coverage;Categories
1;12402;"MIS Quarterly: Management Information Systems";journal;"02767783, 21629730";4,531;Q1;216;59;163;5242;1328;161;6,65;88,85;United States;Northern America;"Management Information Systems Research Center";"1980-2019";"Computer Science Applications (Q1); Information Systems (Q1); Information Systems and Management (Q1); Management Information Systems (Q1)"
2;21100933954;"Big Data and Society";journal;"20539517";3,249;Q1;30;48;149;2517;1076;123;6,58;52,44;United Kingdom;Western Europe;"SAGE Publications Ltd";"2014-2020";"Communication (Q1); Computer Science Applications (Q1); Information Systems (Q1); Information Systems and Management (Q1); Library and Information Sciences (Q1)"
3;15574;"Information Systems Research";journal;"15265536, 10477047";3,235;Q1;151;75;155;5269;779;145;4,48;70,25;United States;Northern America;"INFORMS Institute for Operations Research and the Management Sciences";"1990-2019";"Computer Networks and Communications (Q1); Information Systems (Q1); Information Systems and Management (Q1); Library and Information Sciences (Q1); Management Information Systems (Q1)"
4;15631;"International Journal of Information Management";journal;"02684012";2,881;Q1;99;180;334;16130;3875;325;11,63;89,61;United Kingdom;Western Europe;"Elsevier Ltd.";"1970, 1986-2020";"Artificial Intelligence (Q1); Computer Networks and Communications (Q1); Information Systems (Q1); Information Systems and Management (Q1); Library and Information Sciences (Q1); Management Information Systems (Q1); Marketing (Q1)"
5;15700;"Journal of Management Information Systems";journal;"1557928X, 07421222";2,863;Q1;137;44;140;3464;814;119;6,19;78,73;United States;Northern America;"M.E. Sharpe Inc.";"1987-2020";"Computer Science Applications (Q1); Information Systems and Management (Q1); Management Information Systems (Q1); Management Science and Operations Research (Q1)"
6;12396;"Journal of Strategic Information Systems";journal;"09638687";2,698;Q1;82;28;71;2908;450;52;8,57;103,86;Netherlands;Western Europe;"Elsevier";"1991-2020";"Information Systems (Q1); Information Systems and Management (Q1); Management Information Systems (Q1)"
7;21100338350;"IEEE Internet of Things Journal";journal;"23274662";2,607;Q1;67;919;808;36336;11341;783;12,79;39,54;United States;Northern America;"Institute of Electrical and Electronics Engineers Inc.";"2014-2020";"Computer Networks and Communications (Q1); Computer Science Applications (Q1); Hardware and Architecture (Q1); Information Systems (Q1); Information Systems and Management (Q1); Signal Processing (Q1)"
8;21915;"Omega";journal;"03050483";2,579;Q1;131;223;332;11835;2581;327;7,28;53,07;United Kingdom;Western Europe;"Elsevier BV";"1973-2020";"Information Systems and Management (Q1); Management Science and Operations Research (Q1); Strategy and Management (Q1)"
9;12303;"Information and Management";journal;"03787206";2,395;Q1;153;121;241;10160;2187;237;8,36;83,97;Netherlands;Western Europe;"Elsevier";"1977-2020";"Information Systems (Q1); Information Systems and Management (Q1); Management Information Systems (Q1)"
10;22489;"European Journal of Operational Research";journal;"03772217";2,364;Q1;243;717;2111;34273;12536;2083;5,65;47,80;Netherlands;Western Europe;"Elsevier";"1977-2020";"Computer Science (miscellaneous) (Q1); Information Systems and Management (Q1); Management Science and Operations Research (Q1); Modeling and Simulation (Q1)"
11;15074;"European Journal of Information Systems";journal;"0960085X, 14769344";2,260;Q1;103;36;101;3217;505;95;3,85;89,36;United Kingdom;Western Europe;"Taylor and Francis Ltd.";"1995-2020";"Information Systems (Q1); Information Systems and Management (Q1); Library and Information Sciences (Q1); Management Information Systems (Q1)"
12;12277;"Management Accounting Research";journal;"10445005, 10961224";1,975;Q1;82;19;66;1390;284;60;2,95;73,16;United States;Northern America;"Academic Press Inc.";"1990-2020";"Accounting (Q1); Finance (Q1); Information Systems and Management (Q1)"
13;28094;"Accounting, Organizations and Society";journal;"03613682";1,924;Q1;125;42;118;4077;486;108;4,14;97,07;United Kingdom;Western Europe;"Elsevier Ltd.";"1976-2020";"Accounting (Q1); Applied Psychology (Q1); Information Systems and Management (Q1); Organizational Behavior and Human Resource Management (Q1); Sociology and Political Science (Q1)"
14;21933;"Decision Support Systems";journal;"01679236";1,918;Q1;138;114;338;6713;2384;330;6,48;58,89;Netherlands;Western Europe;"Elsevier";"1985-2020";"Arts and Humanities (miscellaneous) (Q1); Developmental and Educational Psychology (Q1); Information Systems (Q1); Information Systems and Management (Q1); Management Information Systems (Q1)"
15;29170;"Critical Perspectives on Accounting";journal;"10452354, 10959955";1,823;Q1;63;56;123;6320;464;109;4,26;112,86;United States;Northern America;"Academic Press Inc.";"1990-2020";"Accounting (Q1); Finance (Q1); Information Systems and Management (Q1); Sociology and Political Science (Q1)"
16;24772;"Knowledge-Based Systems";journal;"09507051";1,754;Q1;107;419;1178;20337;9500;1168;7,81;48,54;Netherlands;Western Europe;"Elsevier";"1987-2020";"Artificial Intelligence (Q1); Information Systems and Management (Q1); Management Information Systems (Q1); Software (Q1)"
17;21100787106;"Journal of Industrial Information Integration";journal;"2452414X";1,731;Q1;20;45;61;2423;831;58;16,44;53,84;Netherlands;Western Europe;"Elsevier BV";"2016-2020";"Industrial and Manufacturing Engineering (Q1); Information Systems and Management (Q1)"
18;15134;"Information Sciences";journal;"00200255";1,723;Q1;169;862;2171;36462;15943;2139;7,45;42,30;Netherlands;Western Europe;"Elsevier Inc.";"1968-2020";"Artificial Intelligence (Q1); Computer Science Applications (Q1); Control and Systems Engineering (Q1); Information Systems and Management (Q1); Software (Q1); Theoretical Computer Science (Q1)"
19;21100817597;"Proceedings - 2017 IEEE Winter Conference on Applications of Computer Vision, WACV 2017";conference and proceedings;"-";1,591;-;17;0;142;0;719;140;5,14;0,00;United States;Northern America;"";"";"Computer Networks and Communications; Computer Science Applications; Health Informatics; Information Systems; Information Systems and Management"
20;21100803368;"Proceedings of the Annual ACM-SIAM Symposium on Discrete Algorithms";conference and proceedings;"-";1,517;-;15;0;183;0;517;181;2,86;0,00;United States;Northern America;"";"";"Engineering (miscellaneous); Information Systems and Management; Management of Technology and Innovation; Management Science and Operations Research; Medicine (miscellaneous)"
21;21100198497;"Quality Technology and Quantitative Management";journal;"16843703";1,421;Q1;16;62;105;1893;286;103;3,06;30,53;United Kingdom;Western Europe;"Taylor and Francis Ltd.";"2011-2020";"Business and International Management (Q1); Industrial Relations (Q1); Information Systems and Management (Q1); Management of Technology and Innovation (Q1); Management Science and Operations Research (Q1)"
22;18300156728;"IEEE Transactions on Services Computing";journal;"19391374";1,382;Q1;62;119;368;2395;1803;208;8,83;20,13;United States;Northern America;"Institute of Electrical and Electronics Engineers Inc.";"2008-2020";"Computer Networks and Communications (Q1); Computer Science Applications (Q1); Hardware and Architecture (Q1); Information Systems and Management (Q1)"
23;21926;"Decision Sciences";journal;"00117315, 15405915";1,329;Q1;100;70;120;4908;381;110;2,90;70,11;United Kingdom;Western Europe;"Wiley-Blackwell Publishing Ltd";"1970-2020";"Business, Management and Accounting (miscellaneous) (Q1); Information Systems and Management (Q1); Management of Technology and Innovation (Q1); Strategy and Management (Q1)"
24;21100456681;"2015 IEEE Workshop on Automatic Speech Recognition and Understanding, ASRU 2015 - Proceedings";conference and proceedings;"-";1,326;-;21;0;108;0;576;107;0,00;0,00;United States;Northern America;"";"";"Artificial Intelligence; Computer Networks and Communications; Computer Vision and Pattern Recognition; Information Systems; Information Systems and Management"
25;21100307484;"Journal of the Association for Information Science and Technology";journal;"23301643, 23301635";1,270;Q1;134;156;568;8223;2205;545;3,37;52,71;United Kingdom;Western Europe;"John Wiley and Sons Ltd";"2014-2020";"Computer Networks and Communications (Q1); Information Systems (Q1); Information Systems and Management (Q1); Library and Information Sciences (Q1)"
26;21100457353;"ITCS 2016 - Proceedings of the 2016 ACM Conference on Innovations in Theoretical Computer Science";conference and proceedings;"-";1,113;-;12;0;40;0;101;38;0,00;0,00;United States;Northern America;"";"";"Artificial Intelligence; Computer Science Applications; Human-Computer Interaction; Information Systems and Management; Renewable Energy, Sustainability and the Environment"
27;21100856611;"Journal of Responsible Innovation";journal;"23299460, 23299037";1,045;Q1;18;36;95;1372;233;68;2,88;38,11;United Kingdom;Western Europe;"Taylor and Francis Ltd.";"2014-2020";"Information Systems and Management (Q1); Management of Technology and Innovation (Q1); Strategy and Management (Q1)"
28;21100780696;"Big Data";journal;"21676461, 2167647X";0,973;Q1;22;28;86;775;322;72;5,02;27,68;United States;Northern America;"Mary Ann Liebert Inc.";"2013-2020";"Computer Science Applications (Q1); Information Systems (Q1); Information Systems and Management (Q1)"
29;21100791292;"Journal of Big Data";journal;"21961115";0,925;Q1;23;112;127;5603;792;126;4,31;50,03;United Kingdom;Western Europe;"Springer Open";"2014-2020";"Computer Networks and Communications (Q1); Hardware and Architecture (Q1); Information Systems (Q1); Information Systems and Management (Q1)"
30;21100886529;"International Journal of Systems Science: Operations and Logistics";journal;"23302674, 23302682";0,872;Q1;16;43;83;1872;241;73;3,54;43,53;United Kingdom;Western Europe;"Taylor and Francis Ltd.";"2014-2020";"Information Systems (Q1); Information Systems and Management (Q1); Management Information Systems (Q1); Management Science and Operations Research (Q2)"
31;20575;"Journal of Engineering and Technology Management - JET-M";journal;"16084799, 09234748";0,840;Q1;62;24;84;1610;263;72;2,85;67,08;Netherlands;Western Europe;"Elsevier";"1989-2020";"Engineering (miscellaneous) (Q1); Industrial Relations (Q1); Information Systems and Management (Q1); Strategy and Management (Q1); Management Science and Operations Research (Q2)"
32;21100792826;"Proceedings of the 1st International Workshop on Mashups of Things and APIs, MOTA 2016";conference and proceedings;"-";0,824;-;3;0;8;0;29;6;0,00;0,00;United States;Northern America;"";"";"Information Systems; Information Systems and Management; Software"
33;15688;"Journal of Information Systems";journal;"08887985, 15587959";0,780;Q1;30;34;62;1907;184;54;3,38;56,09;United States;Northern America;"American Accounting Association";"1991, 2009-2019";"Human-Computer Interaction (Q1); Information Systems (Q1); Information Systems and Management (Q1); Software (Q1); Accounting (Q2); Management Information Systems (Q2); Management of Technology and Innovation (Q2)"
34;21100456624;"WSDM 2016 - Proceedings of the 9th ACM International Conference on Web Search and Data Mining";conference and proceedings;"-";0,780;-;20;0;82;0;459;79;0,00;0,00;United States;Northern America;"";"";"Information Systems; Information Systems and Management"
35;21100790518;"International Journal of Management Science and Engineering Management";journal;"17509653, 17509661";0,729;Q2;22;39;85;1280;251;83;2,48;32,82;United Kingdom;Western Europe;"Taylor and Francis Ltd.";"2006-2020";"Engineering (miscellaneous) (Q1); Mechanical Engineering (Q1); Information Systems and Management (Q2); Management Science and Operations Research (Q2); Strategy and Management (Q2)"
36;21100817120;"2017 IEEE International Conference on Pervasive Computing and Communications, PerCom 2017";conference and proceedings;"-";0,691;-;11;0;33;0;130;32;4,06;0,00;United States;Northern America;"";"";"Communication; Computer Networks and Communications; Education; Human-Computer Interaction; Information Systems; Information Systems and Management"
37;21100356018;"Big Data Research";journal;"22145796";0,640;Q2;21;17;78;529;342;73;4,42;31,12;United States;Northern America;"Elsevier Inc.";"2014-2019";"Computer Science Applications (Q2); Information Systems (Q2); Information Systems and Management (Q2); Management Information Systems (Q2)"
38;29806;"International Journal of Accounting Information Systems";journal;"14670895";0,619;Q2;48;16;55;1051;161;50;3,15;65,69;United Kingdom;Western Europe;"Elsevier Inc.";"2000-2020";"Accounting (Q2); Finance (Q2); Information Systems and Management (Q2); Management Information Systems (Q2)"
39;24437;"Data and Knowledge Engineering";journal;"0169023X";0,571;Q2;82;53;134;2148;362;128;2,69;40,53;Netherlands;Western Europe;"Elsevier";"1985, 1987-2020";"Information Systems and Management (Q2)"
40;21100773012;"IEEE International Workshop on Factory Communication Systems - Proceedings, WFCS";conference and proceedings;"-";0,570;-;3;0;6;0;11;4;0,00;0,00;United States;Northern America;"";"";"Artificial Intelligence; Computational Theory and Mathematics; Computer Graphics and Computer-Aided Design; Computer Networks and Communications; Information Systems; Information Systems and Management"
41;21100888812;"Journal of Data and Information Science";journal;"2096157X";0,565;Q2;5;22;39;596;43;36;2,17;27,09;Poland;Eastern Europe;"De Gruyter Open Ltd.";"2016, 2018-2020";"Library and Information Sciences (Q1); Information Systems and Management (Q2); Public Administration (Q2)"
42;19700187807;"Information Security Journal";journal;"19393555, 19393547";0,553;Q2;22;13;65;557;193;64;2,14;42,85;United Kingdom;Western Europe;"Taylor and Francis Ltd.";"2008-2020";"Computer Science Applications (Q2); Information Systems and Management (Q2); Software (Q2)"
43;11700154400;"TOP";journal;"11345764, 18638279";0,542;Q2;22;35;102;984;97;74;1,55;28,11;Germany;Western Europe;"Springer Verlag";"1993-1996, 2003, 2008-2020";"Discrete Mathematics and Combinatorics (Q2); Information Systems and Management (Q2); Management Science and Operations Research (Q2); Modeling and Simulation (Q2); Statistics and Probability (Q3)"
44;19700175219;"Iranian Journal of Fuzzy Systems";journal;"17350654";0,512;Q2;25;81;166;3017;418;166;2,63;37,25;Iran;Middle East;"University of Sistan and Baluchestan";"2004-2020";"Artificial Intelligence (Q2); Computer Science Applications (Q2); Information Systems and Management (Q2); Mathematics (miscellaneous) (Q2)"
45;10900153330;"Enterprise Information Systems";journal;"17517583, 17517575";0,511;Q2;44;107;196;5827;601;172;3,35;54,46;United Kingdom;Western Europe;"Taylor and Francis Ltd.";"2007-2020";"Computer Science Applications (Q2); Information Systems and Management (Q2)"
46;21100220467;"International Journal of Knowledge-Based Development";journal;"20404476, 20404468";0,498;Q2;18;15;66;773;85;64;1,05;51,53;Switzerland;Western Europe;"Inderscience Publishers";"2010-2019";"Information Systems and Management (Q2); Management of Technology and Innovation (Q2); Strategy and Management (Q2)"
47;17300154971;"International Journal of Critical Infrastructure Protection";journal;"18745482";0,486;Q2;33;40;98;1818;244;75;3,36;45,45;Netherlands;Western Europe;"Elsevier";"2008-2020";"Computer Science Applications (Q2); Information Systems and Management (Q2); Modeling and Simulation (Q2); Safety, Risk, Reliability and Quality (Q2)"
48;19200156938;"Transforming Government: People, Process and Policy";journal;"17506166";0,437;Q2;35;14;74;1169;148;71;2,32;83,50;United Kingdom;Western Europe;"Emerald Group Publishing Ltd.";"2007-2020";"E-learning (Q2); Information Systems and Management (Q2); Public Administration (Q2); Computer Science Applications (Q3)"
49;19713;"Journal of High Technology Management Research";journal;"10478310";0,420;Q2;43;16;57;1082;141;57;2,70;67,63;United Kingdom;Western Europe;"Elsevier BV";"1990-2019";"Information Systems and Management (Q2); Management of Technology and Innovation (Q2); Marketing (Q2); Strategy and Management (Q2); Computer Science Applications (Q3)"
50;21100463148;"L@S 2016 - Proceedings of the 3rd 2016 ACM Conference on Learning at Scale";conference and proceedings;"-";0,417;-;11;0;86;0;149;84;0,00;0,00;United States;Northern America;"";"";"Artificial Intelligence; Computer Science Applications; Information Systems; Information Systems and Management"
51;6400153135;"Source Code for Biology and Medicine";journal;"17510473";0,412;Q2;25;6;24;108;23;23;1,11;18,00;United Kingdom;Western Europe;"BioMed Central Ltd.";"2006-2020";"Information Systems (Q2); Information Systems and Management (Q2); Computer Science Applications (Q3); Health Informatics (Q3)"
52;21100396641;"Proceedings International Conference on Automated Planning and Scheduling, ICAPS";conference and proceedings;"23340843";0,411;-;19;0;204;0;297;200;1,47;0,00;Netherlands;Western Europe;"";"23340843";"Artificial Intelligence; Computer Science Applications; Information Systems and Management"
53;19700186884;"Journal of Data and Information Quality";journal;"19361963, 19361955";0,410;Q2;21;26;73;1296;132;70;1,75;49,85;United States;Northern America;"Association for Computing Machinery (ACM)";"2009-2020";"Information Systems (Q2); Information Systems and Management (Q2)"
54;21100803571;"Digital Policy, Regulation and Governance";journal;"23985038";0,406;Q2;27;40;104;1952;161;93;1,55;48,80;United Kingdom;Western Europe;"Emerald Group Publishing Ltd.";"2017-2020";"Computer Networks and Communications (Q2); Information Systems (Q2); Information Systems and Management (Q2); Management Information Systems (Q2); Management of Technology and Innovation (Q2)"
55;21100788904;"2016 IEEE 18th International Conference on e-Health Networking, Applications and Services, Healthcom 2016";conference and proceedings;"-";0,403;-;10;0;120;0;285;119;0,00;0,00;United States;Northern America;"";"";"Computer Networks and Communications; Hardware and Architecture; Information Systems and Management; Management Information Systems; Management of Technology and Innovation"
56;3900148214;"International Journal of Business Information Systems";journal;"17460972, 17460980";0,403;Q2;24;75;231;4598;305;230;1,13;61,31;United Kingdom;Western Europe;"Inderscience Enterprises Ltd.";"2005-2020";"Information Systems and Management (Q2); Management Information Systems (Q2); Management of Technology and Innovation (Q2)"
57;12909;"Systems Research and Behavioral Science";journal;"10991743, 10927026";0,401;Q2;43;75;180;3467;198;156;1,01;46,23;United Kingdom;Western Europe;"John Wiley and Sons Ltd";"1997-2020";"Information Systems and Management (Q2); Social Sciences (miscellaneous) (Q2); Strategy and Management (Q2)"
58;21100924372;"Data";journal;"23065729";0,388;Q2;11;149;127;4988;276;125;2,47;33,48;Switzerland;Western Europe;"MDPI AG";"2016-2020";"Information Systems and Management (Q2); Computer Science Applications (Q3); Information Systems (Q3)"
59;4700151504;"International Journal of Logistics Systems and Management";journal;"17427975, 17427967";0,373;Q2;28;78;226;3746;325;226;1,30;48,03;United Kingdom;Western Europe;"Inderscience Enterprises Ltd";"2006-2020";"Information Systems and Management (Q2); Management Information Systems (Q2); Management Science and Operations Research (Q3)"
60;21100810416;"2016 Information Theory and Applications Workshop, ITA 2016";conference and proceedings;"-";0,369;-;9;0;76;0;81;75;1,08;0,00;United States;Northern America;"";"";"Computer Networks and Communications; Information Systems and Management; Safety, Risk, Reliability and Quality"
61;21100817611;"2017 Wireless Days, WD 2017";conference and proceedings;"-";0,369;-;7;0;55;0;85;52;1,63;0,00;United States;Northern America;"";"";"Computer Networks and Communications; Hardware and Architecture; Information Systems and Management"
62;21100810485;"IWSPA 2017 - Proceedings of the 3rd ACM International Workshop on Security and Privacy Analytics, co-located with CODASPY 2017";conference and proceedings;"-";0,368;-;4;0;12;0;32;10;3,20;0,00;United States;Northern America;"";"";"Computer Networks and Communications; Information Systems and Management; Safety, Risk, Reliability and Quality"
63;21100820876;"2017 26th Wireless and Optical Communication Conference, WOCC 2017";conference and proceedings;"-";0,355;-;6;0;44;0;78;43;1,81;0,00;United States;Northern America;"";"";"Computer Networks and Communications; Computer Science Applications; Energy Engineering and Power Technology; Health Informatics; Information Systems and Management; Modeling and Simulation"
64;21100450117;"International Journal of Information Systems and Project Management";journal;"21827788, 21827796";0,348;Q2;11;18;54;1012;94;49;1,94;56,22;Portugal;Western Europe;"";"2013-2019";"Information Systems and Management (Q2); Management Information Systems (Q2); Strategy and Management (Q3)"
65;21100469651;"Proceedings - 2nd IEEE International Conference on Big Data Security on Cloud, IEEE BigDataSecurity 2016, 2nd IEEE International Conference on High Performance and Smart Computing, IEEE HPSC 2016 and IEEE International Conference on Intelligent Data and Security, IEEE IDS 2016";conference and proceedings;"-";0,345;-;10;0;76;0;125;71;0,00;0,00;United States;Northern America;"";"";"Computer Networks and Communications; Information Systems and Management"
66;20608;"Journal of Global Information Management";journal;"10627375, 15337995";0,338;Q2;39;39;77;2583;112;77;1,59;66,23;United States;Northern America;"IGI Publishing";"2002-2020";"Business and International Management (Q2); Information Systems and Management (Q2); Computer Science Applications (Q3); E-learning (Q3); Management Science and Operations Research (Q3); Strategy and Management (Q3)"
67;21100812608;"8th Power Electronics, Drive Systems and Technologies Conference, PEDSTC 2017";conference and proceedings;"-";0,333;-;6;0;95;0;95;94;1,01;0,00;United States;Northern America;"";"";"Engineering (miscellaneous); Information Systems and Management; Management of Technology and Innovation; Management Science and Operations Research; Medicine (miscellaneous)"
68;21100199555;"eCrime Researchers Summit, eCrime";conference and proceedings;"21591237";0,330;-;11;0;34;0;74;31;2,75;0,00;United States;Northern America;"";"21591237";"Computer Networks and Communications; Computer Science Applications; Information Systems; Information Systems and Management"
69;21100792542;"Proceedings - Conference on Local Computer Networks, LCN";conference and proceedings;"-";0,319;-;9;0;120;0;139;116;0,00;0,00;United States;Northern America;"";"";"Computer Networks and Communications; Computer Science Applications; Hardware and Architecture; Information Systems and Management"
70;21100456810;"TEI 2016 - Proceedings of the 10th Anniversary Conference on Tangible Embedded and Embodied Interaction";conference and proceedings;"-";0,318;-;13;0;120;0;203;118;0,00;0,00;United States;Northern America;"";"";"Information Systems and Management"
71;13130;"Distributed and Parallel Databases";journal;"09268782, 15737578";0,310;Q2;41;40;61;1490;82;56;1,19;37,25;Netherlands;Western Europe;"Springer Netherlands";"1993-2020";"Information Systems and Management (Q2); Hardware and Architecture (Q3); Information Systems (Q3); Software (Q3)"
72;19700188202;"International Journal of Digital Accounting Research";journal;"15778517";0,310;Q2;11;5;17;213;28;17;1,75;42,60;United States;Northern America;"Rutgers University";"2010-2019";"Information Systems and Management (Q2); Accounting (Q3); Finance (Q3)"
73;21100206205;"IEEE Global Engineering Education Conference, EDUCON";conference and proceedings;"21659559";0,309;-;19;242;782;4930;736;776;0,99;20,37;United States;Northern America;"";"21659559";"Education; Engineering (miscellaneous); Information Systems and Management"
74;19900194826;"Journal of Global Information Technology Management";journal;"1097198X, 23336846";0,301;Q2;30;20;62;1087;80;43;1,79;54,35;United Kingdom;Western Europe;"Taylor and Francis Ltd.";"1998-2020";"Information Systems and Management (Q2); E-learning (Q3); Information Systems (Q3)"
75;21100805313;"CHIIR 2017 - Proceedings of the 2017 Conference Human Information Interaction and Retrieval";conference and proceedings;"-";0,299;-;9;0;76;0;140;73;1,92;0,00;United States;Northern America;"";"";"Human-Computer Interaction; Information Systems and Management; Software"
76;21100204505;"Australasian Journal of Information Systems";journal;"14498618, 13262238";0,296;Q2;15;4;95;364;106;86;1,15;91,00;Australia;Pacific Region;"UQ Business School, The University of Queensland";"2007, 2009-2020";"Business, Management and Accounting (miscellaneous) (Q2); Information Systems and Management (Q2); Human-Computer Interaction (Q3); Information Systems (Q3)"
77;21100421900;"Information and Computer Security";journal;"20564961";0,293;Q2;46;48;102;2602;169;99;1,51;54,21;United Kingdom;Western Europe;"Emerald Group Publishing Ltd.";"2015-2020";"Information Systems and Management (Q2); Computer Networks and Communications (Q3); Information Systems (Q3); Management Information Systems (Q3); Management of Technology and Innovation (Q3); Software (Q3)"
78;21100887432;"International Journal of Intelligence, Security, and Public Affairs";journal;"23800992, 2380100X";0,291;Q2;3;12;42;493;29;37;0,76;41,08;United Kingdom;Western Europe;"Taylor and Francis Ltd.";"2016-2019";"Information Systems and Management (Q2); Political Science and International Relations (Q2); Sociology and Political Science (Q2)"
79;21100817612;"Proceedings - 2017 IEEE International Conference on Cloud Engineering, IC2E 2017";conference and proceedings;"-";0,288;-;8;0;45;0;82;39;2,10;0,00;United States;Northern America;"";"";"Information Systems; Information Systems and Management; Linguistics and Language; Signal Processing"
80;19400157135;"International Journal of Knowledge Management Studies";journal;"17438276, 17438268";0,286;Q3;12;24;66;1059;74;65;1,21;44,13;United Kingdom;Western Europe;"Inderscience Enterprises Ltd.";"2009-2012, 2014-2020";"Computer Science Applications (Q3); Information Systems and Management (Q3); Management Information Systems (Q3); Management of Technology and Innovation (Q3)"
81;21100777468;"2016 IEEE International Conference on Prognostics and Health Management, ICPHM 2016";conference and proceedings;"-";0,281;-;7;0;64;0;100;63;0,00;0,00;United States;Northern America;"";"";"Computer Networks and Communications; Information Systems and Management; Safety, Risk, Reliability and Quality"
82;21100793806;"2016 8th IFIP International Conference on New Technologies, Mobility and Security, NTMS 2016";conference and proceedings;"-";0,279;-;7;0;74;0;102;68;0,00;0,00;United States;Northern America;"";"";"Artificial Intelligence; Information Systems; Information Systems and Management"
83;4700152236;"International Journal of Globalisation and Small Business";journal;"14793059, 14793067";0,276;Q3;16;16;43;966;45;40;1,11;60,38;United Kingdom;Western Europe;"Inderscience Enterprises Ltd.";"2006-2020";"Business and International Management (Q3); Information Systems and Management (Q3); Management Science and Operations Research (Q3)"
84;21100773800;"2016 International Conference on Selected Topics in Mobile and Wireless Networking, MoWNeT 2016";conference and proceedings;"-";0,275;-;6;0;40;0;70;39;0,00;0,00;United States;Northern America;"";"";"Computer Networks and Communications; Computer Science Applications; Information Systems; Information Systems and Management"
85;21100787818;"IEEE International Symposium on Industrial Electronics";conference and proceedings;"-";0,273;-;9;0;191;0;170;188;0,00;0,00;United States;Northern America;"";"";"Communication; Computer Networks and Communications; Information Systems; Information Systems and Management; Sociology and Political Science"
86;21100797222;"Proceedings - 2016 IEEE 28th International Conference on Tools with Artificial Intelligence, ICTAI 2016";conference and proceedings;"-";0,270;-;9;0;159;0;180;155;1,16;0,00;United States;Northern America;"";"";"Computer Networks and Communications; Computer Science Applications; Hardware and Architecture; Information Systems; Information Systems and Management"
87;21100804413;"2017 IEEE 7th Annual Computing and Communication Workshop and Conference, CCWC 2017";conference and proceedings;"-";0,269;-;11;0;157;0;273;154;1,77;0,00;United States;Northern America;"";"";"Computer Networks and Communications; Information Systems and Management"
88;21100886533;"Journal of Information Technology Case and Application Research";journal;"15228053, 23336897";0,267;Q3;14;14;58;472;48;34;0,80;33,71;United States;Northern America;"Taylor and Francis Ltd.";"2005-2019";"Information Systems and Management (Q3); Management Science and Operations Research (Q3)"
89;21100820877;"Proceedings - 2017 IEEE 13th International Symposium on Autonomous Decentralized Systems, ISADS 2017";conference and proceedings;"-";0,265;-;5;0;44;0;62;40;1,55;0,00;United States;Northern America;"";"";"Computer Networks and Communications; Electronic, Optical and Magnetic Materials; Information Systems; Information Systems and Management"
90;21100204516;"International Journal of Data Analysis Techniques and Strategies";journal;"17558050, 17558069";0,264;Q3;14;18;68;592;56;67;0,74;32,89;Switzerland;Western Europe;"Inderscience Publishers";"2011-2020";"Applied Mathematics (Q3); Information Systems (Q3); Information Systems and Management (Q3)"
91;21100805352;"Proceedings of LLVM-HPC 2016: The 3rd Workshop on the LLVM Compiler Infrastructure in HPC - Held in conjunction with SC 2016: The International Conference for High Performance Computing, Networking, Storage and Analysis";conference and proceedings;"-";0,263;-;3;0;5;0;16;3;5,33;0,00;United States;Northern America;"";"";"Human-Computer Interaction; Information Systems and Management; Software"
92;21100814001;"2017 11th IEEE International Conference on Compatibility, Power Electronics and Power Engineering, CPE-POWERENG 2017";conference and proceedings;"-";0,261;-;7;0;109;0;120;107;1,12;0,00;United States;Northern America;"";"";"Computer Networks and Communications; Hardware and Architecture; Information Systems and Management"
93;17500155101;"Lecture Notes in Business Information Processing";book series;"18651348";0,260;Q3;44;893;2002;21905;1590;1731;0,94;24,53;Germany;Western Europe;"Springer Verlag";"2008-2020";"Business and International Management (Q3); Control and Systems Engineering (Q3); Information Systems (Q3); Information Systems and Management (Q3); Management Information Systems (Q3); Modeling and Simulation (Q3)"
94;21100456652;"Proceedings - 2015 IEEE International Conference on Systems, Man, and Cybernetics, SMC 2015";conference and proceedings;"-";0,258;-;16;0;551;0;624;548;0,00;0,00;United States;Northern America;"";"";"Artificial Intelligence; Computer Networks and Communications; Control and Systems Engineering; Energy Engineering and Power Technology; Information Systems and Management"
95;21100939697;"Synthesis Lectures on Information Concepts, Retrieval, and Services";book series;"1947945X, 19479468";0,258;Q3;2;4;5;449;5;5;1,00;112,25;United States;Northern America;"Morgan and Claypool Publishers";"2018-2019";"Library and Information Sciences (Q2); Computer Networks and Communications (Q3); Information Systems (Q3); Information Systems and Management (Q3)"
96;21100778654;"Proceedings - CSIT 2016: 2016 7th International Conference on Computer Science and Information Technology";conference and proceedings;"-";0,255;-;6;0;36;0;66;34;0,00;0,00;United States;Northern America;"";"";"Artificial Intelligence; Computer Networks and Communications; Information Systems and Management"
97;21100894851;"International Journal of Supply and Operations Management";journal;"23831359, 23832525";0,254;Q3;3;14;28;458;28;28;1,00;32,71;Iran;Middle East;"Kharazmi University";"2018-2019";"Civil and Structural Engineering (Q3); Information Systems and Management (Q3); Management Information Systems (Q3); Transportation (Q3); Management Science and Operations Research (Q4)"
98;21100285029;"International Journal of Information and Decision Sciences";journal;"17567017, 17567025";0,252;Q3;13;19;62;678;49;56;0,57;35,68;Switzerland;Western Europe;"Inderscience Publishers";"2010-2011, 2013-2020";"Computer Science Applications (Q3); Information Systems and Management (Q3); Management of Technology and Innovation (Q3); Strategy and Management (Q3)"
99;21100840026;"International Journal of Machine Learning and Computing (discontinued)";journal;"20103700";0,243;Q3;5;133;147;3084;136;147;0,93;23,19;Singapore;Asiatic Region;"International Association of Computer Science and Information Technology";"2017-2019";"Artificial Intelligence (Q3); Computer Science Applications (Q3); Information Systems and Management (Q3)"
100;17700156756;"Journal of Asset Management";journal;"14708272, 1479179X";0,242;Q3;13;43;119;1285;62;113;0,62;29,88;United Kingdom;Western Europe;"Palgrave Macmillan Ltd.";"2009-2020";"Business and International Management (Q3); Information Systems and Management (Q3); Strategy and Management (Q3)"
101;21100795902;"2016 IEEE 35th International Performance Computing and Communications Conference, IPCCC 2016";conference and proceedings;"-";0,241;-;9;0;74;0;104;71;1,46;0,00;United States;Northern America;"";"";"Computer Networks and Communications; Computer Science Applications; Hardware and Architecture; Information Systems and Management; Media Technology; Safety, Risk, Reliability and Quality; Software"
102;12100154510;"International Journal of Enterprise Information Systems";journal;"15481115, 15481123";0,239;Q3;20;22;71;1246;68;71;1,12;56,64;United States;Northern America;"IGI Publishing";"2005-2020";"Computer Science Applications (Q3); Information Systems and Management (Q3); Management Information Systems (Q3)"
103;21100805332;"2016 9th IAPR Workshop on Pattern Recognition in Remote Sensing, PRRS 2016";conference and proceedings;"-";0,233;-;4;0;16;0;11;14;0,79;0,00;United States;Northern America;"";"";"Human-Computer Interaction; Information Systems and Management; Software"
104;21100860389;"International Journal of Information Technology Project Management";journal;"19380232, 19380240";0,231;Q3;3;22;20;980;24;20;1,20;44,55;United States;Northern America;"IGI Global Publishing";"2017-2020";"Communication (Q3); Information Systems and Management (Q3); Management Information Systems (Q3); Management of Technology and Innovation (Q3); Organizational Behavior and Human Resource Management (Q3); Strategy and Management (Q3)"
105;19700201511;"Interdisciplinary Journal of Information, Knowledge, and Management";journal;"15551237, 15551229";0,229;Q3;19;11;55;817;87;55;1,51;74,27;United States;Northern America;"Informing Science Institute";"2006-2019";"Computer Science (miscellaneous) (Q3); Information Systems and Management (Q3)"
106;4700152877;"Journal of Agricultural and Food Information";journal;"15404722, 10496505";0,229;Q3;11;28;93;817;49;81;0,63;29,18;United States;Northern America;"Taylor and Francis Ltd.";"1993-1996, 2000, 2002-2004, 2006-2020";"Agronomy and Crop Science (Q3); Food Science (Q3); Information Systems and Management (Q3)"
107;21100457389;"2016 International Conference on Electronics, Communications and Computers, CONIELECOMP 2016";conference and proceedings;"-";0,225;-;6;0;35;0;50;32;0,00;0,00;United States;Northern America;"";"";"Computer Networks and Communications; Information Systems and Management"
108;21100797840;"2016 IEEE International Conference on Communication Systems, ICCS 2016";conference and proceedings;"-";0,223;-;7;0;111;0;102;110;0,93;0,00;United States;Northern America;"";"";"Artificial Intelligence; Computer Networks and Communications; Computer Science Applications; Hardware and Architecture; Information Systems and Management; Software"
109;27334;"Network Security";trade journal;"13534858";0,223;Q3;22;54;152;219;161;152;0,78;4,06;Netherlands;Western Europe;"Elsevier BV";"1994-2020";"Computer Networks and Communications (Q3); Information Systems and Management (Q3); Safety, Risk, Reliability and Quality (Q3)"
110;21100456716;"Proceedings - 2015 Brazilian Conference on Intelligent Systems, BRACIS 2015";conference and proceedings;"-";0,223;-;6;0;60;0;49;57;0,00;0,00;United States;Northern America;"";"";"Computer Science Applications; Information Systems and Management; Software"
111;21100784711;"Proceedings - 46th Annual IEEE/IFIP International Conference on Dependable Systems and Networks, DSN-W 2016";conference and proceedings;"-";0,222;-;7;0;65;0;57;60;0,00;0,00;United States;Northern America;"";"";"Computer Science Applications; Information Systems; Information Systems and Management"
112;21100212700;"RAE Revista de Administracao de Empresas";journal;"2178938X, 00347590";0,218;Q3;13;35;148;1500;110;136;0,61;42,86;Brazil;Latin America;"Fundacao Getulio Vargas, Escola de Administracao de Empresas de Sao Paulo";"2007-2019";"Business and International Management (Q3); Business, Management and Accounting (miscellaneous) (Q3); Development (Q3); Education (Q3); Industrial Relations (Q3); Information Systems and Management (Q3); Management of Technology and Innovation (Q3); Marketing (Q3); Strategy and Management (Q3); Management Science and Operations Research (Q4); Organizational Behavior and Human Resource Management (Q4); Public Administration (Q4)"
113;21100782639;"Physics of Reactors 2016, PHYSOR 2016: Unifying Theory and Experiments in the 21st Century";conference and proceedings;"-";0,217;-;6;0;195;0;71;192;0,00;0,00;United States;Northern America;"";"";"Computer Networks and Communications; Computer Science Applications; Information Systems and Management"
114;21100775013;"IEEE International Workshop on Factory Communication Systems - Proceedings, WFCS";conference and proceedings;"-";0,216;-;6;0;39;0;40;38;0,00;0,00;United States;Northern America;"";"";"Artificial Intelligence; Computational Theory and Mathematics; Computer Graphics and Computer-Aided Design; Computer Networks and Communications; Information Systems; Information Systems and Management"
115;21100266730;"International Journal of Information Systems in the Service Sector";journal;"19355688, 19355696";0,216;Q3;11;20;59;1000;47;59;0,71;50,00;United States;Northern America;"IGI Global Publishing";"2009-2020";"Information Systems (Q3); Information Systems and Management (Q3); Management Information Systems (Q3); Strategy and Management (Q3); Management Science and Operations Research (Q4)"
116;21100775040;"PAMCO 2016 - Proceedings of the 2nd MobiHoc International Workshop on Privacy-Aware Mobile Computing";conference and proceedings;"-";0,216;-;4;0;7;0;11;7;0,00;0,00;United States;Northern America;"";"";"Artificial Intelligence; Computer Networks and Communications; Control and Systems Engineering; Information Systems and Management"
117;21100456708;"Proceedings - NGMAST 2015: The 9th International Conference on Next Generation Mobile Applications, Services and Technologies";conference and proceedings;"-";0,215;-;7;0;69;0;80;67;0,00;0,00;United States;Northern America;"";"";"Computer Networks and Communications; Information Systems; Information Systems and Management"
118;21100780804;"2016 22nd National Conference on Communication, NCC 2016";conference and proceedings;"-";0,214;-;7;0;134;0;117;132;0,00;0,00;United States;Northern America;"";"";"Computer Networks and Communications; Information Systems; Information Systems and Management; Management Information Systems; Software; Statistics, Probability and Uncertainty"
119;21100788403;"IST 2016 - 2016 IEEE International Conference on Imaging Systems and Techniques, Proceedings";conference and proceedings;"-";0,212;-;8;0;97;0;102;95;0,00;0,00;United States;Northern America;"";"";"Artificial Intelligence; Computer Networks and Communications; Information Systems; Information Systems and Management; Safety, Risk, Reliability and Quality"
120;21100469481;"2016 Smart Cities Symposium Prague, SCSP 2016";conference and proceedings;"-";0,211;-;5;0;34;0;53;33;0,00;0,00;United States;Northern America;"";"";"Computer Networks and Communications; Information Systems and Management"
121;19400157163;"IFIP Advances in Information and Communication Technology";book series;"18684238, 1868422X";0,209;Q3;46;1076;2563;24898;1464;2410;0,65;23,14;United States;Northern America;"Springer New York";"2000-2020";"Computer Networks and Communications (Q3); Information Systems (Q3); Information Systems and Management (Q3)"
122;21100469653;"PerDis 2016 - Proceedings of the 5th ACM International Symposium on Pervasive Displays";conference and proceedings;"-";0,206;-;7;0;42;0;50;40;0,00;0,00;United States;Northern America;"";"";"Artificial Intelligence; Computer Networks and Communications; Hardware and Architecture; Information Systems and Management; Safety, Risk, Reliability and Quality"
123;21100779220;"Proceedings - 10th International Symposium on Theoretical Aspects of Software Engineering, TASE 2016";conference and proceedings;"-";0,206;-;4;0;28;0;27;26;0,00;0,00;United States;Northern America;"";"";"Computer Science Applications; Information Systems; Information Systems and Management"
124;54666;"International Journal of Networking and Virtual Organisations";journal;"14709503, 17415225";0,204;Q3;19;55;96;1731;48;93;0,42;31,47;United Kingdom;Western Europe;"Inderscience Enterprises Ltd.";"2002-2020";"Computer Networks and Communications (Q3); Information Systems and Management (Q3); Strategy and Management (Q3); Computer Science Applications (Q4)"
125;21100820855;"IOR NORWAY 2017 - 19th European Symposium on Improved Oil Recovery: Sustainable IOR in a Low Oil Price World";conference and proceedings;"-";0,204;-;5;0;137;0;74;134;0,55;0,00;Netherlands;Western Europe;"";"";"Computer Networks and Communications; Hardware and Architecture; Information Systems; Information Systems and Management; Safety, Risk, Reliability and Quality"
126;21100469902;"8th AIAA Flow Control Conference";conference and proceedings;"-";0,201;-;6;0;76;0;44;75;0,00;0,00;United States;Northern America;"";"";"Computer Networks and Communications; Control and Systems Engineering; Information Systems; Information Systems and Management"
127;19700170105;"Problems and Perspectives in Management";journal;"17277051, 18105467";0,200;Q3;17;148;476;6091;334;476;0,87;41,16;Ukraine;Eastern Europe;"Business Perspectives";"2003-2020";"Business and International Management (Q3); Business, Management and Accounting (miscellaneous) (Q3); Information Systems and Management (Q3); Law (Q3); Sociology and Political Science (Q3); Strategy and Management (Q3); Public Administration (Q4)"
128;21100792744;"Proceedings - 2016 IEEE International Conference on Mobile Services, MS 2016";conference and proceedings;"-";0,200;-;4;0;36;0;27;33;0,00;0,00;United States;Northern America;"";"";"Hardware and Architecture; Information Systems and Management"
129;21100795626;"Proceedings - 2016 International Conference on Advanced Computing and Applications, ACOMP 2016";conference and proceedings;"-";0,200;-;3;0;24;0;20;21;0,95;0,00;United States;Northern America;"";"";"Computer Networks and Communications; Information Systems; Information Systems and Management"
130;20449;"International Journal of Manufacturing Technology and Management";journal;"13682148, 17415195";0,199;Q3;20;28;92;1026;43;87;0,41;36,64;United Kingdom;Western Europe;"Inderscience Enterprises Ltd.";"2000, 2002-2020";"Electrical and Electronic Engineering (Q3); Industrial and Manufacturing Engineering (Q3); Information Systems and Management (Q3); Strategy and Management (Q3); Computer Science Applications (Q4)"
131;17700156204;"International Journal of Applied Decision Sciences";journal;"17558085, 17558077";0,198;Q3;17;21;66;1216;64;66;0,89;57,90;United Kingdom;Western Europe;"Inderscience Enterprises Ltd.";"2009-2020";"Information Systems and Management (Q3); Strategy and Management (Q3); Economics and Econometrics (Q4); Management Science and Operations Research (Q4)"
132;21100457075;"2016 International Workshop on Antenna Technology, iWAT 2016";conference and proceedings;"-";0,194;-;6;0;63;0;41;61;0,00;0,00;United States;Northern America;"";"";"Artificial Intelligence; Civil and Structural Engineering; Computer Networks and Communications; Computer Science Applications; Control and Systems Engineering; Environmental Engineering; Information Systems and Management; Signal Processing"
133;20100195036;"International Journal of Healthcare Information Systems and Informatics";journal;"15553396, 1555340X";0,192;Q3;12;18;47;778;35;47;0,65;43,22;United States;Northern America;"IGI Global Publishing";"2006-2020";"Information Systems and Management (Q3); Medicine (miscellaneous) (Q3); Information Systems (Q4)"
134;21100775601;"2016 IEEE/ACIS 17th International Conference on Software Engineering, Artificial Intelligence, Networking and Parallel/Distributed Computing, SNPD 2016";conference and proceedings;"-";0,190;-;7;0;114;0;102;111;0,00;0,00;United States;Northern America;"";"";"Computer Networks and Communications; Information Systems; Information Systems and Management"
135;21100429502;"International Journal of Supply Chain Management";journal;"20507399, 20513771";0,190;Q3;13;739;584;24521;699;583;1,28;33,18;United Kingdom;Western Europe;"ExcelingTech Publishers";"2012-2020";"Information Systems and Management (Q3); Management Information Systems (Q3); Information Systems (Q4)"
136;21100790302;"CMD 2016 - International Conference on Condition Monitoring and Diagnosis";conference and proceedings;"-";0,189;-;6;0;255;0;171;253;0,00;0,00;United States;Northern America;"";"";"Computer Networks and Communications; Information Systems; Information Systems and Management"
137;21100886537;"Operations and Supply Chain Management";journal;"19793561, 25799363";0,189;Q3;3;18;20;923;22;20;1,10;51,28;Indonesia;Asiatic Region;"Operations and Supply Chain Management Forum";"2018-2019";"Information Systems and Management (Q3); Management Information Systems (Q3); Management Science and Operations Research (Q4); Statistics, Probability and Uncertainty (Q4)"
138;21100400809;"Colloquium in Information Science and Technology, CIST";conference and proceedings;"23271884";0,188;-;9;0;283;0;219;279;0,49;0,00;United States;Northern America;"";"23271884";"Computer Science Applications; Information Systems and Management; Management Science and Operations Research; Signal Processing"
139;21100792727;"Proceedings of the 6th International Conference on Information Communication and Management, ICICM 2016";conference and proceedings;"-";0,188;-;6;0;61;0;60;59;0,00;0,00;United States;Northern America;"";"";"Artificial Intelligence; Computer Science Applications; Information Systems and Management"
140;21100777469;"Submarine Mass Movements and Their Consequences, 7th International Symposium";conference and proceedings;"-";0,185;-;5;0;62;0;22;60;0,00;0,00;Germany;Western Europe;"";"";"Computer Networks and Communications; Information Systems and Management"
141;21100830763;"Journal of Information Science Theory and Practice";journal;"22879099, 22874577";0,184;Q3;3;16;40;595;22;40;0,55;37,19;South Korea;Asiatic Region;"Korea Institute of Science and Technology Information";"2017-2019";"Information Systems and Management (Q3); Library and Information Sciences (Q3); Information Systems (Q4)"
142;21100863713;"International Journal of Knowledge and Systems Science";journal;"19478216, 19478208";0,183;Q3;3;7;33;236;14;33;0,42;33,71;United States;Northern America;"IGI Global Publishing";"2017-2019";"Information Systems and Management (Q3); Management of Technology and Innovation (Q3); Artificial Intelligence (Q4); Information Systems (Q4); Organizational Behavior and Human Resource Management (Q4); Strategy and Management (Q4)"
143;21100268428;"Journal of ICT Research and Applications";journal;"23375787";0,181;Q4;9;18;54;364;63;54;1,19;20,22;Indonesia;Asiatic Region;"Institut Teknologi Bandung (ITB)";"2013-2019";"Computer Science (miscellaneous) (Q3); Electrical and Electronic Engineering (Q3); Information Systems and Management (Q4)"
144;21100810426;"USYS 2016 - 2016 IEEE 6th International Conference on Underwater System Technology: Theory and Applications";conference and proceedings;"-";0,179;-;4;0;48;0;30;42;0,71;0,00;United States;Northern America;"";"";"Computational Mathematics; Computational Theory and Mathematics; Computer Networks and Communications; Hardware and Architecture; Information Systems and Management; Modeling and Simulation"
145;4400151723;"Webology";journal;"1735188X";0,178;Q4;15;28;41;927;39;39;1,15;33,11;Iran;Middle East;"University of Tehran";"2006-2019";"Library and Information Sciences (Q3); Human-Computer Interaction (Q4); Information Systems and Management (Q4); Software (Q4)"
146;21100789850;"International Conference on Communication and Signal Processing, ICCSP 2016";conference and proceedings;"-";0,175;-;11;0;496;0;448;491;0,00;0,00;United States;Northern America;"";"";"Artificial Intelligence; Computer Science Applications; Information Systems and Management"
147;21100784721;"IEEE International Symposium on Intelligent Control - Proceedings";conference and proceedings;"-";0,174;-;3;0;16;0;8;15;0,00;0,00;United States;Northern America;"";"";"Computer Networks and Communications; Computer Science Applications; Hardware and Architecture; Information Systems and Management"
148;21100469025;"Proceedings of the 2016 12th International Conference on the Design of Reliable Communication Networks, DRCN 2016";conference and proceedings;"-";0,174;-;7;0;26;0;31;24;0,00;0,00;United States;Northern America;"";"";"Education; Engineering (miscellaneous); Information Systems and Management"
149;21100802674;"Gums and Stabilisers for the Food Industry 18 - Hydrocolloid Functionality for Affordable and Sustainable Global Food Solutions";conference and proceedings;"-";0,172;-;4;0;36;0;15;34;0,00;0,00;United Kingdom;Western Europe;"";"";"Computer Networks and Communications; Electrical and Electronic Engineering; Information Systems; Information Systems and Management"
150;21100795277;"Proceedings - 13th IEEE International Conference on E-Business Engineering, ICEBE 2016 - Including 12th Workshop on Service-Oriented Applications, Integration and Collaboration, SOAIC 2016";conference and proceedings;"-";0,171;-;5;0;54;0;41;50;0,82;0,00;United States;Northern America;"";"";"Computer Networks and Communications; Computer Science Applications; Hardware and Architecture; Information Systems and Management; Media Technology; Safety, Risk, Reliability and Quality; Software"
151;21100467818;"2016 International Conference on Computer Communication and Informatics, ICCCI 2016";conference and proceedings;"-";0,170;-;7;0;120;0;107;116;0,00;0,00;United States;Northern America;"";"";"Computer Networks and Communications; Information Systems; Information Systems and Management"
152;21100784656;"HAI 2016 - Proceedings of the 4th International Conference on Human Agent Interaction";conference and proceedings;"-";0,170;-;7;0;77;0;56;75;0,00;0,00;United States;Northern America;"";"";"Computer Networks and Communications; Computer Science Applications; Hardware and Architecture; Information Systems and Management"
153;21100782397;"3rd IEEE International Workshop on Metrology for Aerospace, MetroAeroSpace 2016 - Proceedings";conference and proceedings;"-";0,168;-;7;0;117;0;74;116;0,00;0,00;United States;Northern America;"";"";"Information Systems; Information Systems and Management"
154;21100786309;"International Conference on Nuclear Engineering, Proceedings, ICONE";conference and proceedings;"-";0,167;-;4;0;434;0;72;429;0,15;0,00;United States;Northern America;"";"";"Information Systems and Management"
155;21100831441;"TEM Journal";journal;"22178309, 22178333";0,167;Q4;5;205;239;3945;171;239;0,72;19,24;Serbia;Eastern Europe;"UIKTEN - Association for Information Communication Technology Education and Science";"2017-2019";"Computer Science (miscellaneous) (Q3); Education (Q4); Information Systems (Q4); Information Systems and Management (Q4); Management of Technology and Innovation (Q4); Strategy and Management (Q4)"
156;21100222537;"Intelligent Systems Reference Library";book series;"18684394, 18684408";0,166;Q4;22;195;581;6150;311;108;5,64;31,54;United States;Northern America;"Springer Science + Business Media";"2009-2020";"Computer Science (miscellaneous) (Q3); Library and Information Sciences (Q3); Information Systems and Management (Q4)"
157;4100151706;"International Journal of Business Intelligence and Data Mining";journal;"17438195, 17438187";0,166;Q4;18;48;73;1659;40;72;0,51;34,56;United Kingdom;Western Europe;"Inderscience Enterprises Ltd";"2005-2020";"Information Systems and Management (Q4); Management Information Systems (Q4); Statistics, Probability and Uncertainty (Q4)"
158;21100200830;"International Journal of Information Science and Management";journal;"20088310, 20088302";0,166;Q4;10;16;53;545;26;53;0,38;34,06;Iran;Middle East;"Regional Information Center for Science and Technology";"2008-2019";"Library and Information Sciences (Q3); Information Systems and Management (Q4); Management Information Systems (Q4); Statistics, Probability and Uncertainty (Q4)"
159;13024;"Acta Cybernetica";journal;"0324721X";0,164;Q4;17;5;74;78;33;72;0,36;15,60;Hungary;Eastern Europe;"University of Szeged, Institute of Informatics";"1990-2019";"Computer Science (miscellaneous) (Q3); Computational Theory and Mathematics (Q4); Computer Vision and Pattern Recognition (Q4); Electrical and Electronic Engineering (Q4); Information Systems and Management (Q4); Management Science and Operations Research (Q4); Software (Q4); Theoretical Computer Science (Q4)"
160;12364;"International Journal of Information and Management Sciences";journal;"10171819";0,164;Q4;20;22;69;789;27;69;0,41;35,86;Taiwan;Asiatic Region;"Tamkang University";"1996-2019";"Industrial and Manufacturing Engineering (Q3); Control and Systems Engineering (Q4); Information Systems and Management (Q4); Management Information Systems (Q4); Strategy and Management (Q4)"
161;21100782734;"Proceedings - 2016 9th International Conference on Human System Interactions, HSI 2016";conference and proceedings;"-";0,164;-;7;0;72;0;56;70;0,00;0,00;United States;Northern America;"";"";"Computer Networks and Communications; Information Systems and Management"
162;21100819038;"Proceedings - 2016 9th International Conference on Developments in eSystems Engineering, DeSE 2016";conference and proceedings;"-";0,162;-;5;0;58;0;55;56;0,98;0,00;United States;Northern America;"";"";"Computer Networks and Communications; Education; Information Systems; Information Systems and Management"
163;21100817616;"LATS 2017 - 18th IEEE Latin-American Test Symposium";conference and proceedings;"-";0,161;-;5;0;36;0;36;34;1,06;0,00;United States;Northern America;"";"";"Computer Networks and Communications; Information Systems; Information Systems and Management; Signal Processing"
164;21100800627;"2nd International Symposium on Agent, Multi-Agent Systems and Robotics, ISAMSR 2016";conference and proceedings;"-";0,159;-;3;0;31;0;16;28;0,57;0,00;United States;Northern America;"";"";"Computer Networks and Communications; Information Systems and Management; Law; Safety, Risk, Reliability and Quality"
165;21100461391;"2015 IEEE International Conference on Engineering, Technology and Innovation/ International Technology Management Conference, ICE/ITMC 2015";conference and proceedings;"-";0,154;-;5;0;56;0;32;55;0,00;0,00;United States;Northern America;"";"";"Computer Networks and Communications; Information Systems; Information Systems and Management; Safety, Risk, Reliability and Quality"
166;21100456863;"2015 International Conference on Open Source Software Computing, OSSCOM 2015";conference and proceedings;"-";0,154;-;3;0;12;0;8;11;0,00;0,00;United States;Northern America;"";"";"Computer Networks and Communications; Information Systems and Management; Safety, Risk, Reliability and Quality"
167;21100244402;"Studies in Classification, Data Analysis, and Knowledge Organization";conference and proceedings;"14318814";0,153;-;18;43;144;920;33;133;0,22;21,40;Netherlands;Western Europe;"";"14318814";"Analysis; Computer Science Applications; Information Systems; Information Systems and Management"
168;21100817107;"Proceedings - 2017 IEEE International Conference on Mechatronics, ICM 2017";conference and proceedings;"-";0,152;-;5;0;76;0;49;73;0,67;0,00;United States;Northern America;"";"";"Computer Science Applications; Information Systems; Information Systems and Management; Software"
169;21100896488;"International Journal of Business Intelligence Research";journal;"19473605, 19473591";0,149;Q4;2;9;9;494;6;9;0,67;54,89;United States;Northern America;"IGI Global Publishing";"2018-2020";"Information Systems and Management (Q4); Management Information Systems (Q4); Statistics, Probability and Uncertainty (Q4)"
170;21100203125;"Proceedings of the European Conference on Knowledge Management, ECKM";conference and proceedings;"20488963";0,149;-;10;148;440;4882;145;433;0,35;32,99;United Kingdom;Western Europe;"";"20488963";"Information Systems and Management; Management Science and Operations Research"
171;21100219935;"International Journal of Operations and Quantitative Management";journal;"10821910";0,147;Q4;11;8;52;278;26;52;0,52;34,75;United States;Northern America;"International Forum of Management Scholars (INFOMS)";"2001-2020";"Business and International Management (Q4); Information Systems and Management (Q4); Management of Technology and Innovation (Q4); Management Science and Operations Research (Q4); Strategy and Management (Q4)"
172;21100456629;"Proceedings - 12th LARS Latin American Robotics Symposium and 3rd SBR Brazilian Robotics Symposium, LARS-SBR 2015 - Part of the Robotics Conferences 2015";conference and proceedings;"-";0,147;-;6;0;67;0;35;65;0,00;0,00;United States;Northern America;"";"";"Computer Networks and Communications; Hardware and Architecture; Information Systems; Information Systems and Management; Management of Technology and Innovation; Strategy and Management"
173;88934;"Journal of Cases on Information Technology";journal;"15487717, 15487725";0,146;Q4;13;20;54;747;26;54;0,59;37,35;United States;Northern America;"IGI Publishing";"2005-2020";"Computer Science Applications (Q4); Information Systems (Q4); Information Systems and Management (Q4); Strategy and Management (Q4)"
174;21100207616;"International Journal of Sociotechnology and Knowledge Development";journal;"19416253, 19416261";0,144;Q4;10;10;48;523;27;48;0,66;52,30;United States;Northern America;"IGI Global Publishing";"2009-2020";"Computer Science Applications (Q4); Information Systems and Management (Q4)"
175;21100469405;"Proceedings of the 2016 17th International Carpathian Control Conference, ICCC 2016";conference and proceedings;"-";0,143;-;7;0;159;0;91;157;0,00;0,00;United States;Northern America;"";"";"Computer Science Applications; Information Systems and Management"
176;21100794672;"2016 7th IEEE Control and System Graduate Research Colloquium, ICSGRC 2016 - Proceeding";conference and proceedings;"-";0,142;-;4;0;41;0;33;40;0,83;0,00;United States;Northern America;"";"";"Computer Science Applications; Information Systems and Management; Management Science and Operations Research; Signal Processing"
177;21100889702;"Asia Pacific Journal of Information Systems";journal;"22885404, 22886818";0,142;Q4;2;41;19;2390;6;19;0,32;58,29;South Korea;Asiatic Region;"";"2018-2019";"Sociology and Political Science (Q3); Information Systems and Management (Q4)"
178;21100456866;"Proceedings - 8th International Conference on Bio-Science and Bio-Technology, BSBT 2015";conference and proceedings;"-";0,142;-;3;0;11;0;10;8;0,00;0,00;United States;Northern America;"";"";"Information Systems; Information Systems and Management; Management of Technology and Innovation"
179;21100465098;"2015 IEEE International Symposium on Software Reliability Engineering Workshops, ISSREW 2015";conference and proceedings;"-";0,141;-;5;0;39;0;25;38;0,00;0,00;United States;Northern America;"";"";"Information Systems; Information Systems and Management; Software"
180;21100463841;"IEEE International Conference on Wireless for Space and Extreme Environments, WiSEE 2015";conference and proceedings;"-";0,141;-;5;0;30;0;22;28;0,00;0,00;United States;Northern America;"";"";"Computer Networks and Communications; Information Systems; Information Systems and Management; Safety, Risk, Reliability and Quality; Social Sciences (miscellaneous)"
181;21100469906;"2016 Global Medical Engineering Physics Exchanges/Pan American Health Care Exchanges, GMEPE/PAHCE 2016";conference and proceedings;"-";0,140;-;4;0;59;0;19;58;0,00;0,00;United States;Northern America;"";"";"Computer Networks and Communications; Information Systems and Management; Safety, Risk, Reliability and Quality"
182;21100790043;"THERMINIC 2016 - 22nd International Workshop on Thermal Investigations of ICs and Systems";conference and proceedings;"-";0,140;-;6;0;62;0;31;60;0,00;0,00;United States;Northern America;"";"";"Computer Networks and Communications; Information Systems and Management; Safety, Risk, Reliability and Quality"
183;21100871681;"Journal of Operations and Supply Chain Management";journal;"19843046";0,139;Q4;2;0;15;0;4;15;0,27;0,00;Brazil;Latin America;"Fundacao Getulio Vargas";"2018";"Information Systems and Management (Q4); Management Information Systems (Q4); Management Science and Operations Research (Q4)"
184;21100469465;"Proceedings - Joint International Conference on Electric Vehicular Technology and Industrial, Mechanical, Electrical and Chemical Engineering, ICEVT 2015 and IMECE 2015";conference and proceedings;"-";0,139;-;7;0;69;0;52;68;0,00;0,00;United States;Northern America;"";"";"Computer Networks and Communications; Information Systems; Information Systems and Management; Safety, Risk, Reliability and Quality"
185;21100892782;"Journal of Payments Strategy and Systems";journal;"17501806, 17501814";0,138;Q4;2;31;35;509;9;31;0,29;16,42;United Kingdom;Western Europe;"Henry Stewart Publications";"2018-2020";"Accounting (Q4); Information Systems (Q4); Information Systems and Management (Q4); Management Information Systems (Q4)"
186;21100286322;"European Conference on Information Warfare and Security, ECCWS";conference and proceedings;"20488602";0,137;-;8;104;222;2840;84;216;0,44;27,31;United States;Northern America;"";"20488602";"Information Systems; Information Systems and Management; Safety, Risk, Reliability and Quality"
187;21100820859;"2016 IEEE International Conference on Advances in Electronics, Communication and Computer Technology, ICAECCT 2016";conference and proceedings;"-";0,136;-;4;0;96;0;66;91;0,73;0,00;United States;Northern America;"";"";"Artificial Intelligence; Computer Networks and Communications; Computer Vision and Pattern Recognition; Electrical and Electronic Engineering; Hardware and Architecture; Information Systems; Information Systems and Management; Signal Processing"
188;21100776046;"2016 IEEE International Conference on Consumer Electronics-Taiwan, ICCE-TW 2016";conference and proceedings;"-";0,136;-;7;0;189;0;97;185;0,00;0,00;United States;Northern America;"";"";"Computer Networks and Communications; Computer Science Applications; Information Systems; Information Systems and Management; Modeling and Simulation"
189;21100802726;"2016 International Conference on Next Generation Intelligent Systems, ICNGIS 2016";conference and proceedings;"-";0,134;-;4;0;80;0;56;79;0,71;0,00;United States;Northern America;"";"";"Computer Science Applications; Information Systems; Information Systems and Management; Management Information Systems"
190;21100798098;"44th Annual Conference of the European Society for Engineering Education - Engineering Education on Top of the World: Industry-University Cooperation, SEFI 2016";conference and proceedings;"-";0,129;-;3;0;94;0;17;93;0,00;0,00;Belgium;Western Europe;"";"";"Information Systems and Management; Management of Technology and Innovation; Strategy and Management"
191;21100784259;"ASEE 2016 International Forum";conference and proceedings;"-";0,129;-;2;0;48;0;10;48;0,00;0,00;United States;Northern America;"";"";"Information Systems; Information Systems and Management; Management of Technology and Innovation"
192;21100463515;"MODULARITY 2016 - Proceedings of the 15th International Conference on Modularity";conference and proceedings;"-";0,129;-;4;0;18;0;7;14;0,00;0,00;United States;Northern America;"";"";"Computer Networks and Communications; Computer Science Applications; Information Systems and Management; Sociology and Political Science; Urban Studies"
193;21100805759;"Proceedings of 2016 10th IEEE International Conference on Anti-Counterfeiting, Security, and Identification, ASID 2016";conference and proceedings;"-";0,127;-;3;0;32;0;15;30;0,50;0,00;United States;Northern America;"";"";"Computer Networks and Communications; Computer Science Applications; Information Systems and Management; Management of Technology and Innovation"
194;21100788408;"2016 15th Workshop on Information Optics, WIO 2016";conference and proceedings;"-";0,126;-;2;0;47;0;7;46;0,00;0,00;United States;Northern America;"";"";"Computer Networks and Communications; Information Systems and Management; Law; Social Psychology"
195;21100421887;"Lecture Notes in Information Systems and Organisation";conference and proceedings;"21954968, 21954976";0,125;-;10;131;314;4277;186;52;4,05;32,65;Germany;Western Europe;"Springer International Publishing AG";"2013-2020";"Computer Science Applications; Information Systems; Information Systems and Management; Management Information Systems; Management of Technology and Innovation"
196;21100782480;"VISIGRAPP 2016 - Proceedings of the 11th Joint Conference on Computer Vision, Imaging and Computer Graphics Theory and Applications";conference and proceedings;"-";0,125;-;0;0;1;0;0;1;0,00;0,00;Portugal;Western Europe;"";"";"Computer Networks and Communications; Computer Science Applications; Information Systems and Management; Sociology and Political Science; Urban Studies"
197;21100793702;"2016 International Symposium on Fundamentals of Electrical Engineering, ISFEE 2016";conference and proceedings;"-";0,124;-;6;0;96;0;40;95;0,00;0,00;United States;Northern America;"";"";"Artificial Intelligence; Computer Networks and Communications; Computer Science Applications; Information Systems and Management"
198;21100780452;"BSB 2016 - International Conference on Bioinformatics and Systems Biology";conference and proceedings;"-";0,124;-;3;0;52;0;10;51;0,00;0,00;United States;Northern America;"";"";"Control and Optimization; Industrial and Manufacturing Engineering; Information Systems and Management; Management Science and Operations Research; Safety, Risk, Reliability and Quality"
199;6200180167;"International Journal of Technology Intelligence and Planning";journal;"17402832, 17402840";0,123;Q4;15;5;24;266;11;24;0,40;53,20;United Kingdom;Western Europe;"Inderscience Enterprises Ltd.";"2007-2019";"Information Systems and Management (Q4); Management Information Systems (Q4); Management of Technology and Innovation (Q4)"
200;21100794660;"International Conference on Intelligent and Advanced Systems, ICIAS 2016";conference and proceedings;"-";0,122;-;5;0;116;0;58;114;0,51;0,00;United States;Northern America;"";"";"Information Systems and Management; Software"
201;21100797836;"43rd European Physical Society Conference on Plasma Physics, EPS 2016";conference and proceedings;"-";0,121;-;3;0;325;0;15;323;0,00;0,00;France;Western Europe;"";"";"Information Systems and Management; Management Information Systems"
202;21100804003;"Advances and Trends in Engineering Sciences and Technologies II - Proceedings of the 2nd International Conference on Engineering Sciences and Technologies, ESaT 2016";conference and proceedings;"-";0,121;-;4;0;140;0;39;138;0,28;0,00;United States;Northern America;"";"";"Artificial Intelligence; Computer Networks and Communications; Control and Optimization; Information Systems and Management"
203;19300157106;"International Journal of Internet Manufacturing and Services";journal;"17516056, 17516048";0,120;Q4;8;24;45;509;12;43;0,30;21,21;United Kingdom;Western Europe;"Inderscience Enterprises Ltd.";"2007-2011, 2013-2020";"Computer Networks and Communications (Q4); Industrial and Manufacturing Engineering (Q4); Information Systems and Management (Q4)"
204;21100818706;"2016 13th International Scientific-Technical Conference on Actual Problems of Electronic Instrument Engineering, APEIE 2016 - Proceedings";conference and proceedings;"-";0,119;-;7;0;255;0;89;251;0,28;0,00;United States;Northern America;"";"";"Computer Networks and Communications; Information Systems; Information Systems and Management"
205;21100901206;"IAES International Journal of Artificial Intelligence";journal;"20894872, 22528938";0,119;Q4;3;51;25;1491;13;24;0,54;29,24;Indonesia;Asiatic Region;"Institute of Advanced Engineering and Science (IAES)";"2018-2020";"Artificial Intelligence (Q4); Control and Systems Engineering (Q4); Electrical and Electronic Engineering (Q4); Information Systems and Management (Q4)"
206;21100803202;"5th International Winter Conference on Brain-Computer Interface, BCI 2017";conference and proceedings;"-";0,118;-;5;0;38;0;25;36;0,69;0,00;United States;Northern America;"";"";"Communication; Computer Networks and Communications; Information Systems; Information Systems and Management; Public Administration"
207;21100464909;"Proceedings of the 8th International Conference on Bioinformatics and Computational Biology, BICOB 2016";conference and proceedings;"-";0,118;-;3;0;25;0;7;23;0,00;0,00;United States;Northern America;"";"";"Computer Networks and Communications; Computer Science Applications; Information Systems; Information Systems and Management"
208;21100784642;"ICEDSS 2016 - IEEE Conference on Emerging Devices and Smart Systems, Proceedings";conference and proceedings;"-";0,117;-;2;0;12;0;7;11;0,00;0,00;United States;Northern America;"";"";"Computer Networks and Communications; Hardware and Architecture; Information Systems and Management"
209;21100801147;"Proceedings of the 2016 IEEE ANDESCON, ANDESCON 2016";conference and proceedings;"-";0,116;-;5;0;88;0;41;87;0,47;0,00;United States;Northern America;"";"";"Artificial Intelligence; Computer Vision and Pattern Recognition; Control and Optimization; Decision Sciences (miscellaneous); Hardware and Architecture; Information Systems and Management"
210;21100463830;"Journal of Enterprise Transformation";journal;"19488297, 19488289";0,115;Q4;12;0;23;0;12;13;3,00;0,00;United Kingdom;Western Europe;"Taylor and Francis Ltd.";"2011-2018";"Control and Systems Engineering (Q4); Information Systems (Q4); Information Systems and Management (Q4); Management Science and Operations Research (Q4); Organizational Behavior and Human Resource Management (Q4)"
211;21100468803;"Proceedings of the 2016 Workshop on Symbolic and Numerical Methods for Reachability Analysis, SNR 2016 - Held as Part of CPS Week";conference and proceedings;"-";0,114;-;3;0;8;0;2;7;0,00;0,00;United States;Northern America;"";"";"Aerospace Engineering; Computer Networks and Communications; Information Systems and Management; Instrumentation"
212;21100817100;"2016 IEEE International Conference on Computational Intelligence and Computing Research, ICCIC 2016";conference and proceedings;"-";0,113;-;8;0;211;0;402;208;1,93;0,00;United States;Northern America;"";"";"Artificial Intelligence; Computer Networks and Communications; Computer Science Applications; Health Informatics; Information Systems; Information Systems and Management"
213;21100811520;"American Fuel and Petrochemical Manufacturers, AFPM - International Lubricants and Waxes Meeting 2016";conference and proceedings;"-";0,113;-;0;0;3;0;0;2;0,00;0,00;United States;Northern America;"";"";"Business and International Management; Finance; Information Systems and Management; Strategy and Management"
214;21100896465;"International Journal of Customer Relationship Marketing and Management";journal;"19479247, 19479255";0,113;Q4;1;16;17;926;2;17;0,12;57,88;United States;Northern America;"IGI Global Publishing";"2018-2020";"Business and International Management (Q4); Information Systems (Q4); Information Systems and Management (Q4); Management Information Systems (Q4); Marketing (Q4)"
215;21100805732;"Journal of Management Information and Decision Science";journal;"15247252, 15325806";0,112;Q4;3;34;29;1074;5;28;0,24;31,59;United Kingdom;Western Europe;"Allied Academies";"2015-2019";"Information Systems (Q4); Information Systems and Management (Q4); Management Information Systems (Q4); Management Science and Operations Research (Q4)"
216;21100805766;"Proceedings - APMediaCast 2016";conference and proceedings;"-";0,112;-;3;0;21;0;7;19;0,37;0,00;United States;Northern America;"";"";"Computer Networks and Communications; Information Systems and Management; Management Science and Operations Research"
217;21100781866;"DATA 2016 - Proceedings of the 5th International Conference on Data Management Technologies and Applications";conference and proceedings;"-";0,111;-;3;0;25;0;7;23;0,00;0,00;Portugal;Western Europe;"";"";"Information Systems; Information Systems and Management"
218;19700186899;"International Journal of Applied Systemic Studies";journal;"17510597, 17510589";0,111;Q4;6;0;47;0;15;47;0,32;0,00;United Kingdom;Western Europe;"Inderscience Enterprises Ltd.";"2008-2018";"Computer Science Applications (Q4); Control and Systems Engineering (Q4); Information Systems and Management (Q4)"
219;21100792711;"Nanotechnology Materials and Devices Conference, NMDC 2016 - Conference Proceedings";conference and proceedings;"-";0,111;-;3;0;120;0;21;118;0,00;0,00;United States;Northern America;"";"";"Information Systems and Management; Software"
220;21100469928;"Symposium on Design, Test, Integration and Packaging of MEMS/MOEMS, DTIP 2016";conference and proceedings;"-";0,111;-;5;0;72;0;16;70;0,00;0,00;United States;Northern America;"";"";"Artificial Intelligence; Computational Theory and Mathematics; Computer Graphics and Computer-Aided Design; Computer Networks and Communications; Information Systems; Information Systems and Management"
221;21100830705;"Journal of Information Technology Management";journal;"20085893, 24235059";0,110;Q4;2;0;69;0;8;69;0,12;0,00;Iran;Middle East;"University of Tehran";"2017-2018";"Information Systems (Q4); Information Systems and Management (Q4); Management of Technology and Innovation (Q4)"
222;21100468975;"Proceedings of 2016 Conference of Basic Sciences and Engineering Studies, SGCAC 2016";conference and proceedings;"-";0,110;-;4;0;37;0;13;36;0,00;0,00;United States;Northern America;"";"";"Computer Networks and Communications; Electrical and Electronic Engineering; Information Systems and Management"
223;21100878578;"International Journal of Cyber Warfare and Terrorism";journal;"19473435, 19473443";0,109;Q4;1;11;15;461;7;15;0,47;41,91;United States;Northern America;"IGI Global Publishing";"2018-2019";"Computer Networks and Communications (Q4); Hardware and Architecture (Q4); Information Systems and Management (Q4); Safety Research (Q4); Safety, Risk, Reliability and Quality (Q4); Software (Q4)"
224;21100777167;"Ports 2016: Port Engineering - Papers from Sessions of the 14th Triennial International Conference";conference and proceedings;"-";0,109;-;1;0;82;0;7;80;0,00;0,00;United States;Northern America;"";"";"Business and International Management; Information Systems and Management; Management Information Systems"
225;21100902642;"International Journal of Computational Intelligence in Control";journal;"09748571";0,106;Q4;0;5;4;248;0;4;0,00;49,60;India;Asiatic Region;"Muk Publications and Distributions";"2018-2019";"Artificial Intelligence (Q4); Biotechnology (Q4); Computational Mechanics (Q4); Computer Science Applications (Q4); Information Systems and Management (Q4)"
226;21100795340;"STRATUS 2016 - Proceedings of 2016 IEEE Systems and Technologies for Remote Sensing Applications Through Unmanned Aerial Systems";conference and proceedings;"-";0,106;-;1;0;6;0;1;4;0,25;0,00;United States;Northern America;"";"";"Algebra and Number Theory; Business, Management and Accounting (miscellaneous); Computer Networks and Communications; Hardware and Architecture; Information Systems and Management; Management Information Systems; Management Science and Operations Research"
227;21100804436;"2015 IEEE 1st International Workshop on Consumer Electronics - Novi Sad, CE WS 2015";conference and proceedings;"-";0,104;-;2;0;26;0;6;25;0,24;0,00;United States;Northern America;"";"";"Computer Networks and Communications; Control and Systems Engineering; Information Systems; Information Systems and Management"
228;21100801175;"SOLAR 2016 - American Solar Energy Society National Solar Conference 2016 Proceedings";conference and proceedings;"-";0,104;-;2;0;29;0;3;27;0,00;0,00;United States;Northern America;"";"";"Analysis; Computer Science Applications; Information Systems; Information Systems and Management"
229;21100899864;"ECTI Transactions on Computer and Information Technology";journal;"22869131";0,102;Q4;1;16;14;546;2;14;0,14;34,13;Thailand;Asiatic Region;"ECTI Association Sirindhon International Institute of Technology";"2018-2019";"Computer Networks and Communications (Q4); Electrical and Electronic Engineering (Q4); Information Systems (Q4); Information Systems and Management (Q4)"
230;21100429596;"Higher Education in the Twenty-First Century II - Papers From The Two-Day Workshop, 2014";conference and proceedings;"-";0,102;-;1;0;12;0;0;11;0,00;0,00;United Kingdom;Western Europe;"";"";"Computer Networks and Communications; Hardware and Architecture; Information Systems and Management"
231;21100810644;"Structures Congress 2017: Buildings and Special Structures - Selected Papers from the Structures Congress 2017";conference and proceedings;"-";0,102;-;0;0;17;0;0;15;0,00;0,00;United States;Northern America;"";"";"Computer Networks and Communications; Hardware and Architecture; Information Systems and Management"
232;21100788718;"2nd Applied Shallow Marine Geophysics Conference, Near Surface Geoscience 2016";conference and proceedings;"-";0,101;-;3;0;34;0;5;33;0,00;0,00;Netherlands;Western Europe;"";"";"Artificial Intelligence; Computer Networks and Communications; Computer Science Applications; Information Systems and Management"
233;21100810423;"37th Asian Conference on Remote Sensing, ACRS 2016";conference and proceedings;"-";0,101;-;2;0;50;0;2;50;0,00;0,00;Japan;Asiatic Region;"";"";"Information Systems; Information Systems and Management; Safety, Risk, Reliability and Quality"
234;74292;"Foundry Trade Journal International";trade journal;"17589789";0,101;Q4;2;20;31;123;0;31;0,00;6,15;United Kingdom;Western Europe;"FMJ International Publications Ltd";"1979, 1988, 2011-2013, 2017-2020";"Information Systems (Q4); Information Systems and Management (Q4); Software (Q4)"
235;21100853929;"International Journal of Systematic Innovation";journal;"20778767, 20777973";0,101;Q4;4;6;29;137;1;29;0,05;22,83;Taiwan;Asiatic Region;"The Society of Systematic Innovation";"2010-2019";"Artificial Intelligence (Q4); Information Systems and Management (Q4); Management of Technology and Innovation (Q4); Organizational Behavior and Human Resource Management (Q4); Strategy and Management (Q4)"
236;21100805761;"Vapor Intrusion, Remediation, and Site Closure Specialty Conference 2016";conference and proceedings;"-";0,101;-;0;0;25;0;0;24;0,00;0,00;United States;Northern America;"";"";"Computer Networks and Communications; Information Systems; Information Systems and Management; Modeling and Simulation"
237;21100778646;"91st International School of Hydrocarbon Measurements, ISHM 2016";conference and proceedings;"-";0,100;-;1;0;179;0;0;177;0,00;0,00;United States;Northern America;"";"";"Biomedical Engineering; Computer Networks and Communications; Computer Science Applications; Hardware and Architecture; Information Systems and Management"
238;21100797714;"International Conference on Atmospheric Optics: Aerosols, Visibility, and the Radiative Balance";conference and proceedings;"-";0,100;-;1;0;92;0;0;90;0,00;0,00;United States;Northern America;"";"";"Information Systems and Management; Management of Technology and Innovation; Strategy and Management"
239;21100812565;"Pipeline Pigging and Integrity Management Conference 2017, Papers";conference and proceedings;"-";0,100;-;2;0;47;0;3;46;0,07;0,00;United States;Northern America;"";"";"Computer Networks and Communications; Hardware and Architecture; Health Informatics; Information Systems; Information Systems and Management"
240;21100944103;"International Journal of Advanced Research in Engineering and Technology";journal;"09766499, 09766480";;-;1;192;0;4053;0;0;0,00;21,11;India;Asiatic Region;"IAEME Publication";"2019-2020";"Biotechnology; Chemical Engineering (miscellaneous); Engineering (miscellaneous); Environmental Engineering; Geotechnical Engineering and Engineering Geology; Information Systems and Management; Management of Technology and Innovation"
241;21100936589;"Journal of ICT Standardization";journal;"2245800X, 22460853";;-;1;19;0;379;0;0;0,00;19,95;Denmark;Western Europe;"River Publishers";"2019";"Computer Networks and Communications; Computer Science Applications; Information Systems; Information Systems and Management; Management of Technology and Innovation"
242;21100933317;"Journal of Information Systems Security";journal;"15510123, 15510808";;-;0;5;0;151;0;0;0,00;30,20;United States;Northern America;"Information Institute";"2019";"Education; Information Systems; Information Systems and Management; Management Information Systems; Safety Research; Software"
243;21100944442;"Journal of System and Management Sciences";journal;"18166075, 18180523";;-;1;31;0;863;0;0;0,00;27,84;China;Asiatic Region;"Success Culture Press";"2019-2020";"Computer Science Applications; Control and Systems Engineering; Information Systems; Information Systems and Management; Management of Technology and Innovation"
244;21100943826;"Journal of Transport and Supply Chain Management";journal;"19955235, 23108789";;-;0;15;0;754;0;0;0,00;50,27;South Africa;Africa;"AOSIS (Pty) Ltd";"2019-2020";"Industrial and Manufacturing Engineering; Information Systems and Management; Management Information Systems; Management Science and Operations Research; Transportation"
245;21100913325;"Logforum";journal;"1734459X, 18952038";;-;1;42;0;1249;0;0;0,00;29,74;Poland;Eastern Europe;"Poznan School of Logistics";"2019-2020";"Information Systems and Management; Management Information Systems; Management Science and Operations Research"
246;21100945266;"Science and Innovation";journal;"24099066, 24134996";;-;1;50;0;951;0;0;0,00;19,02;Ukraine;Eastern Europe;"Publishing House Akademperiodyka";"2019";"Computer Science Applications; Engineering (miscellaneous); Information Systems and Management; Law; Management of Technology and Innovation"
